"Job","Site","Classification","Asset ID","Description","Location ID","Location","Manufacturer","Model","Serial","AMP FRAME","ASSET UID BREAKER IS INSTALLED IN","BREAKER CONSTRUCTION","BREAKER MOUNT","BREAKER TYPE","GROUND FAULT DELAY (TG(S))","GROUND FAULT PICK UP (PU X IN) (IG)","GROUND FAULT (I2T)","INST (X IN) (II)","KA RATING","LONG TIME DELAY (LTD / TR(S))","LONG TIME PICK UP (LTPU X IN) (IR)","OPERATOR TYPE","SENSOR IN (PLUG RATING)","SHORT TIME (I2T)","SHORT TIME DELAY (TSD(S))","SHORT TIME PICK UP (PU X IR) (LSD)","TRIP MODEL","TRIP TYPE","VERIFIED AGAINST COORDINATION STUDY","VOLTAGE RATING"
"SY6 Breakers — Asset Capture","SY6","BREAKER","1055","SY6-BLK1-PR1-MSB-1-1_ACB-INCOMING MAINS","SY6-L1-14","SY6-L1-BLK1-PR-1-1","SCHNEIDER","NW16 H1","A2141210003","1600","","ACB - AIR CIRCUIT BREAKER","WITHDRAWABLE","INPUT","","","","","","","","Electrical","","","","","MicroLogic 5.0P (LSI)","","VALIDATED",""
"SY6 Breakers — Asset Capture","SY6","BREAKER","1056","SY6-BLK1-PR1-MSB-1-1_ACB-TRANSFER SWITCH MAIN SUPPLY","SY6-L1-14","SY6-L1-BLK1-PR-1-1","SCHNEIDER","NW16 H1","A2210310026","1600","","ACB - AIR CIRCUIT BREAKER","WITHDRAWABLE","","","","","","","","","","","","","","","","",""
"SY6 Breakers — Asset Capture","SY6","BREAKER","1057","SY6-BLK1-PR1-MSB-1-1_ACB-TRANSFER SWITCH GENERATOR SUPPLY","SY6-L1-14","SY6-L1-BLK1-PR-1-1","SCHNEIDER","NW32 HF","A2141230022-2","","","","","","","","","","","","","","","","","","","","",""
"SY6 Breakers — Asset Capture","SY6","BREAKER","1058","SY6-BLK1-PR1-MSB-1-1_ACB-N1-UPS 1-1 INTERNAL BYPASS","SY6-L1-14","SY6-L1-BLK1-PR-1-1","SCHNEIDER","NW32 H1","A2141230010","","","","","","","","","","","","","","","","","","","","",""
"SY6 Breakers — Asset Capture","SY6","BREAKER","1059","SY6-BLK1-PR1-MSB-1-1_ACB-N2-UPS 1-1 MAINS","SY6-L1-14","SY6-L1-BLK1-PR-1-1","SCHNEIDER","NW32 HF","A2141230022-1","3200","","","","","","","","","","","","","","","","","","","",""
"SY6 Breakers — Asset Capture","SY6","BREAKER","1060","SY6-BLK1-PR1-MSB-1-1 ACB-N3-UPS 1-1 WRAP AROUND","SY6-L1-14","SY6-L1-BLK1-PR-1-1","SCHNEIDER","NW20 H1","A2141210002","","","","","","","","","","","","","","","","","","","","",""
"SY6 Breakers — Asset Capture","SY6","BREAKER","1068","SY6-BLK1-PR2-MSB-1-2_ACB-INCOMING MAINS","SY6-L1-15","SY6-L1-BLK1-PR-1-2","SCHNEIDER","NW16 H1","A2141230009","1600","","ACB - AIR CIRCUIT BREAKER","","","","","","","","","","","","","","","","","",""
"SY6 Breakers — Asset Capture","SY6","BREAKER","1069","SY6-BLK1-PR2-MSB-1-2_ACB-TRANSFER SWITCH MAIN SUPPLY","SY6-L1-15","SY6-L1-BLK1-PR-1-2","SCHNEIDER","NW40 HA","A2173340023","","","","","","","","","","","","","","","","","","","","",""
"SY6 Breakers — Asset Capture","SY6","BREAKER","1070","SY6-BLK1-PR2-MSB-1-2_ACB-TRANSFER SWITCH GENERATOR SUPPLY","SY6-L1-15","SY6-L1-BLK1-PR-1-2","SCHNEIDER","NW32 HF","A2130930089","","","","","","","","","","","","","","","","","","","","",""
"SY6 Breakers — Asset Capture","SY6","BREAKER","1071","SY6-BLK1-PR2-MSB-1-2_ACB-N1-UPS 1-2 INTERNAL BYPASS","SY6-L1-15","SY6-L1-BLK1-PR-1-2","SCHNEIDER","NW32 H1","A2130930001","","","","","","","","","","","","","","","","","","","","",""
"SY6 Breakers — Asset Capture","SY6","BREAKER","1072","SY6-BLK1-PR2-MSB-1-2_ACB-N2-UPS 1-2 MAINS","SY6-L1-15","SY6-L1-BLK1-PR-1-2","SCHNEIDER","NW32 HF","A2130930088","","","","","","","","","","","","","","","","","","","","",""
"SY6 Breakers — Asset Capture","SY6","BREAKER","1073","SY6-BLK1-PR2-MSB-1-2 ACB-N3-UPS 1-2 WRAP AROUND","SY6-L1-15","SY6-L1-BLK1-PR-1-2","SCHNEIDER","NW20 H1","A2141230008","","","","","","","","","","","","","","","","","","","","",""
"SY6 Breakers — Asset Capture","SY6","BREAKER","1080","SY6-BLK1-PR3-MSB-1-3_ACB-INCOMING MAINS","SY6-L1-17","SY6-L1-BLK1-PR-1-3","SCHNEIDER","NW40 H1","NW32 H1","","","","","","","","","","","","","","","","","","","","",""
"SY6 Breakers — Asset Capture","SY6","BREAKER","1081","SY6-BLK1-PR3-MSB-1-3_ACB-TRANSFER SWITCH MAIN SUPPLY","SY6-L1-17","SY6-L1-BLK1-PR-1-3","SCHNEIDER","NW32 HF","A2141210004","","","","","","","","","","","","","","","","","","","","",""
"SY6 Breakers — Asset Capture","SY6","BREAKER","1082","SY6-BLK1-PR3-MSB-1-3_ACB-TRANSFER SWITCH GENERATOR SUPPLY","SY6-L1-17","SY6-L1-BLK1-PR-1-3","SCHNEIDER","NW20 H1","A2173440008","","","","","","","","","","","","","","","","","","","","",""
"SY6 Breakers — Asset Capture","SY6","BREAKER","1083","SY6-BLK1-PR3-MSB-1-3_ACB-N1-UPS 1-3 INTERNAL BYPASS","SY6-L1-17","SY6-L1-BLK1-PR-1-3","SCHNEIDER","NW25 H1","A2173340018","","","","","","","","","","","","","","","","","","","","",""
"SY6 Breakers — Asset Capture","SY6","BREAKER","1084","SY6-BLK1-PR3-MSB-1-3_ACB-N2-UPS 1-3 MAINS","SY6-L1-17","SY6-L1-BLK1-PR-1-3","SCHNEIDER","NW20 H1","A2173440007","","","","","","","","","","","","","","","","","","","","",""
"SY6 Breakers — Asset Capture","SY6","BREAKER","1085","SY6-BLK1-PR3-MSB-1-3 ACB-N3-UPS 1-3 WRAP AROUND","SY6-L1-17","SY6-L1-BLK1-PR-1-3","SCHNEIDER","NW40 H1","A2173340030-1","","","","","","","","","","","","","","","","","","","","",""
"SY6 Breakers — Asset Capture","SY6","BREAKER","1093","SY6-BLK1-PR4-MSB-1-4_ACB-INCOMING MAINS","SY6-L1-18","SY6-L1-BLK1-PR-1-4","SCHNEIDER","NW32 H1","A2141230010","","","","","","","","","","","","","","","","","","","","",""
"SY6 Breakers — Asset Capture","SY6","BREAKER","1094","SY6-BLK1-PR4-MSB-1-4_ACB-TRANSFER SWITCH MAIN SUPPLY","SY6-L1-18","SY6-L1-BLK1-PR-1-4","SCHNEIDER","NW32 HF","A2141230022-1","","","","","","","","","","","","","","","","","","","","",""
"SY6 Breakers — Asset Capture","SY6","BREAKER","1095","SY6-BLK1-PR4-MSB-1-4_ACB-TRANSFER SWITCH GENERATOR SUPPLY","SY6-L1-18","SY6-L1-BLK1-PR-1-4","SCHNEIDER","NW32 HF","A2141230022-2","","","","","","","","","","","","","","","","","","","","",""
"SY6 Breakers — Asset Capture","SY6","BREAKER","1096","SY6-BLK1-PR4-MSB-1-4_ACB-N1-UPS 1-4 INTERNAL BYPASS","SY6-L1-18","SY6-L1-BLK1-PR-1-4","SCHNEIDER","NW16 H1","A2210310026","","","","","","","","","","","","","","","","","","","","",""
"SY6 Breakers — Asset Capture","SY6","BREAKER","1097","SY6-BLK1-PR4-MSB-1-4_ACB-N2-UPS 1-4 MAINS","SY6-L1-18","SY6-L1-BLK1-PR-1-4","SCHNEIDER","NW20 H1","A2141230008","","","","","","","","","","","","","","","","","","","","",""
"SY6 Breakers — Asset Capture","SY6","BREAKER","1098","SY6-BLK1-PR4-MSB-1-4_ACB-N3-UPS 1-4 WRAP AROUND","SY6-L1-18","SY6-L1-BLK1-PR-1-4","SCHNEIDER","NW16 H1","A2141230009","","","","","","","","","","","","","","","","","","","","",""
"SY6 Breakers — Asset Capture","SY6","BREAKER","1105","SY6-BLK1-PRR-MSB-1-R_ACB-INCOMING MAINS","SY6-L1-16","SY6-L1-BLK1-PR-1-R","SCHNEIDER","NW32 H1","A2130930001","","","","","","","","","","","","","","","","","","","","",""
"SY6 Breakers — Asset Capture","SY6","BREAKER","1106","SY6-BLK1-PRR-MSB-1-R_ACB-TRANSFER SWITCH MAIN SUPPLY","SY6-L1-16","SY6-L1-BLK1-PR-1-R","SCHNEIDER","NW32 HF","A2130930088","","","","","","","","","","","","","","","","","","","","",""
"SY6 Breakers — Asset Capture","SY6","BREAKER","1107","SY6-BLK1-PRR-MSB-1-R_ACB-TRANSFER SWITCH GENERATOR SUPPLY","SY6-L1-16","SY6-L1-BLK1-PR-1-R","SCHNEIDER","NW32 HF","A2130930089","","","","","","","","","","","","","","","","","","","","",""
"SY6 Breakers — Asset Capture","SY6","BREAKER","1108","SY6-BLK1-PRR-MSB-1-R_ACB-N3","SY6-L1-16","SY6-L1-BLK1-PR-1-R","SCHNEIDER","","","","","","","","","","","","","","","","","","","","","","",""
"SY6 Breakers — Asset Capture","SY6","BREAKER","1114","SY6-BLK2-MSB-2-1_ACB-INCOMING MAINS","SY6-GF-24","SY6-GF-BLK2-SWITCHROOM 5","SCHNEIDER","NW40H1","A2173340023","","","","","","","","","","","","","","","","","","","","",""
"SY6 Breakers — Asset Capture","SY6","BREAKER","1115","SY6-BLK2-2-1_ACB-TRANSFER SWITCH MAIN SUPPLY","SY6-GF-24","SY6-GF-BLK2-SWITCHROOM 5","SCHNEIDER","NW40HA","A2173340030-2","","","","","","","","","","","","","","","","","","","","",""
"SY6 Breakers — Asset Capture","SY6","BREAKER","1116","SY6-BLK2-MSB-2-1_ACB-TRANSFER SWITCH GENERATOR SUPPLY","SY6-GF-24","SY6-GF-BLK2-SWITCHROOM 5","SCHNEIDER","NW40H1","A2173340030-1","","","","","","","","","","","","","","","","","","","","",""
"SY6 Breakers — Asset Capture","SY6","BREAKER","1117","SY6-BLK2-MSB-2-1_ACB-N1-UPS 2-1 INTERNAL BYPASS","SY6-GF-24","SY6-GF-BLK2-SWITCHROOM 5","SCHNEIDER","NW25H1","A2173340018","","","","","","","","","","","","","","","","","","","","",""
"SY6 Breakers — Asset Capture","SY6","BREAKER","1118","SY6-BLK2-MSB-2-1_ACB-N2-UPS 2-1 MAINS","SY6-GF-24","SY6-GF-BLK2-SWITCHROOM 5","SCHNEIDER","NW20H1","A2173440007","","","","","","","","","","","","","","","","","","","","",""
"SY6 Breakers — Asset Capture","SY6","BREAKER","1119","SY6-BLK2-MSB-2-1_ACB-N3-UPS 2-1 WRAP AROUND","SY6-GF-24","SY6-GF-BLK2-SWITCHROOM 5","SCHNEIDER","NW20H1","A2173440008","","","","","","","","","","","","","","","","","","","","",""
"SY6 Breakers — Asset Capture","SY6","BREAKER","1140","SY6-BLK2-MSB-2-3_ACB-INCOMING MAINS","SY6-GF-27","SY6-GF-BLK2-SWITCHROOM 7","SCHNEIDER","NW40H1","A2173430014","","","","","","","","","","","","","","","","","","","","",""
"SY6 Breakers — Asset Capture","SY6","BREAKER","1141","SY6-BLK2-MSB-2-3_ACB-TRANSFER SWITCH MAIN SUPPLY","SY6-GF-27","SY6-GF-BLK2-SWITCHROOM 7","SCHNEIDER","NW40HA","A2173340030-2","","","","","","","","","","","","","","","","","","","","",""
"SY6 Breakers — Asset Capture","SY6","BREAKER","1142","SY6-BLK2-MSB-2-3_ACB-TRANSFER SWITCH GENERATOR SUPPLY","SY6-GF-27","SY6-GF-BLK2-SWITCHROOM 7","SCHNEIDER","NW40H1","A2173430041-1","","","","","","","","","","","","","","","","","","","","",""
"SY6 Breakers — Asset Capture","SY6","BREAKER","1143","SY6-BLK2-MSB-2-3_ACB-N1-UPS 2-3 INTERNAL BYPASS","SY6-GF-27","SY6-GF-BLK2-SWITCHROOM 7","SCHNEIDER","NW25H1","A2173430009","","","","","","","","","","","","","","","","","","","","",""
"SY6 Breakers — Asset Capture","SY6","BREAKER","1144","SY6-BLK1-MSB-2-3_ACB-N2-UPS 2-3 MAINS","SY6-GF-27","SY6-GF-BLK2-SWITCHROOM 7","SCHNEIDER","NW16H1","A2141210001","","","","","","","","","","","","","","","","","","","","",""
"SY6 Breakers — Asset Capture","SY6","BREAKER","1145","SY6-BLK2-MSB-2-3_ACB-N3-UPS 2-3 WRAP AROUND","SY6-GF-27","SY6-GF-BLK2-SWITCHROOM 7","SCHNEIDER","","","","","","","","","","","","","","","","","","","","","","",""
"SY6 Breakers — Asset Capture","SY6","BREAKER","1325","SY6-BLK1-LVSB-1-1A_ACB-1 MAIN ISOLATOR","SY6-GF-05","SY6-GF-HALL-1","SCHNEIDER","NS1600NA","IEC 60947-2","","","","","","","","","","","","","","","","","","","","",""
"SY6 Breakers — Asset Capture","SY6","BREAKER","1326","SY6-BLK1-LVSB-1-1A_ACB-2 PDU BUSBAR ISOLATOR","SY6-GF-05","SY6-GF-HALL-1","SCHNEIDER","NS1600N","IEC 60947-2","","","","","","","","","","","","","","","","","","","","",""
"SY6 Breakers — Asset Capture","SY6","BREAKER","1331","SY6-BLK1-LVSB-1-1R_ACB-1 MAIN ISOLATOR","SY6-GF-05","SY6-GF-HALL-1","SCHNEIDER","NS1600NA","IEC 60947-2","","","","","","","","","","","","","","","","","","","","",""
"SY6 Breakers — Asset Capture","SY6","BREAKER","1332","SY6-BLK1-LVSB-1-1R_ACB-2 PDU BUSBAR ISOLATOR","SY6-GF-05","SY6-GF-HALL-1","SCHNEIDER","NS1600N","IEC 60947-2","","","","","","","","","","","","","","","","","","","","",""
"SY6 Breakers — Asset Capture","SY6","BREAKER","1336","SY6-BLK1-LVSB-1-2A_ACB-1 MAIN ISOLATOR","SY6-L1-03","SY6-L1-HALL-2","SCHNEIDER","NS1600NA","IEC 60947-2","","","","","","","","","","","","","","","","","","","","",""
"SY6 Breakers — Asset Capture","SY6","BREAKER","1337","SY6-BLK1-LVSB-1-2A_ACB-2 PDU BUSBAR ISOLATOR","SY6-L1-03","SY6-L1-HALL-2","SCHNEIDER","NS1600N","IEC 60947-2","","","","","","","","","","","","","","","","","","","","",""
"SY6 Breakers — Asset Capture","SY6","BREAKER","1341","SY6-BLK1-LVSB-1-2R_ACB-1 MAIN ISOLATOR","SY6-L1-03","SY6-L1-HALL-2","SCHNEIDER","NS1600NA","IEC 60947-2","","","","","","","","","","","","","","","","","","","","",""
"SY6 Breakers — Asset Capture","SY6","BREAKER","1342","SY6-BLK1-LVSB-1-2R_ACB-2 PDU BUSBAR ISOLATOR","SY6-L1-03","SY6-L1-HALL-2","SCHNEIDER","NS1600N","IEC 60947-2","","","","","","","","","","","","","","","","","","","","",""
"SY6 Breakers — Asset Capture","SY6","BREAKER","1345","SY6-BLK1-LVSB-1-3A_ACB-1 MAIN ISOLATOR","SY6-GF-06","SY6-GF-HALL-3","SCHNEIDER","NS1600NA","IEC 60947-2","","","","","","","","","","","","","","","","","","","","",""
"SY6 Breakers — Asset Capture","SY6","BREAKER","1346","SY6-BLK1-LVSB-1-3A_ACB-2 PDU BUSBAR ISOLATOR","SY6-GF-06","SY6-GF-HALL-3","SCHNEIDER","NS1600N","20201724255","","","","","","","","","","","","","","","","","","","","",""
"SY6 Breakers — Asset Capture","SY6","BREAKER","1351","SY6-BLK1-LVSB-1-3R_ACB-1 MAIN ISOLATOR","SY6-GF-06","SY6-GF-HALL-3","SCHNEIDER","NW16 H1","A2130930002","","","","","","","","","","","","","","","","","","","","",""
"SY6 Breakers — Asset Capture","SY6","BREAKER","1352","SY6-BLK1-LVSB-1-3R_ACB-2 PDU BUSBAR ISOLATOR","SY6-GF-06","SY6-GF-HALL-3","SCHNEIDER","NW20 H1","A2130930003","","","","","","","","","","","","","","","","","","","","",""
"SY6 Breakers — Asset Capture","SY6","BREAKER","1355","SY6-BLK1-LVSB-1-4A_ACB-1 MAIN ISOLATOR","SY6-L1-04","SY6-L1-HALL-4","SCHNEIDER","NW16 H1","A2130930004","","","","","","","","","","","","","","","","","","","","",""
"SY6 Breakers — Asset Capture","SY6","BREAKER","1356","SY6-BLK1-LVSB-1-4A_ACB-2 PDU BUSBAR ISOLATOR","SY6-L1-04","SY6-L1-HALL-4","SCHNEIDER","NW32 H1","A2141210006","","","","","","","","","","","","","","","","","","","","",""
"SY6 Breakers — Asset Capture","SY6","BREAKER","1361","SY6-BLK1-LVSB-1-4R_ACB-1 MAIN ISOLATOR","SY6-L1-04","SY6-L1-HALL-4","SCHNEIDER","NW32 HF","A2141210004","","","","","","","","","","","","","","","","","","","","",""
"SY6 Breakers — Asset Capture","SY6","BREAKER","1362","SY6-BLK1-LVSB-1-4R_ACB-2 PDU BUSBAR ISOLATOR","SY6-L1-04","SY6-L1-HALL-4","SCHNEIDER","NW32 HF","A2141210005","","","","","","","","","","","","","","","","","","","","",""
"SY6 Breakers — Asset Capture","SY6","BREAKER","2073","SY6-MSB-1-R-ACB-N18-UPS-R-RECTIFIER SUPPLY","SY6-L1-16","SY6-L1-BLK1-PR-1-R","SCHNEIDER","MASTERPACT MTZ2-20 H1","A2193950005","","","","","","","","","","","","","","","","","","","","",""
"SY6 Breakers — Asset Capture","SY6","BREAKER","2074","SY6-MSB-1-R-ACB-N19-UPS-R-INTERNAL BYPASS","SY6-L1-16","SY6-L1-BLK1-PR-1-R","SCHNEIDER","MASTERPACT MTZ2-16 H1","A2193950006","","","","","","","","","","","","","","","","","","","","",""
"SY6 Breakers — Asset Capture","SY6","BREAKER","2075","SY6-MSB-1-R-ACB-N20-UPS-R-WRAPAROUND SUPPLY","SY6-L1-16","SY6-L1-BLK1-PR-1-R","SCHNEIDER","MASTERPACT MTZ2-16 H1","A2193950007","","","","","","","","","","","","","","","","","","","","",""
"SY6 Breakers — Asset Capture","SY6","BREAKER","6879","SY6-2-GCB-06-ACB-MAIN ISOLATOR","SY6-L1","SY6-LEVEL 1","SCHNEIDER","MTZ3-63 H1","","","","","","","","","","","","","","","","","","","","","",""
"SY6 Breakers — Asset Capture","SY6","BREAKER","6881","SY6-2-GCB-R-ACB-MAIN ISOLATOR","SY6-L1","SY6-LEVEL 1","SCHNEIDER","MTZ3-63 H1","","","","","","","","","","","","","","","","","","","","","",""
"SY6 Breakers — Asset Capture","SY6","BREAKER","6883","SY6-2-GSB-R-1-ACB-XXX","SY6-GF-EX","SY6-GF-EXTERNAL","SCHNEIDER","MTZ2-50 H1","A2223720027","","","","","","","","","","","","","","","","","","","","",""
"SY6 Breakers — Asset Capture","SY6","BREAKER","6885","SY6-2-LBSB-R-ACB-5000A BUSWAY","SY6-L1-64","SY6-L1-LOADBANK SWITCHROOM","SCHNEIDER","MTZ3-50 H1","A2223720013","","","","","","","","","","","","","","","","","","","","",""
"SY6 Breakers — Asset Capture","SY6","BREAKER","6886","SY6-2-LBSB-R-ACB-1600A BUSWAY","SY6-L1-64","SY6-L1-LOADBANK SWITCHROOM","SCHNEIDER","MTZ2-20-H1","A223720009","","","","","","","","","","","","","","","","","","","","",""
"SY6 Breakers — Asset Capture","SY6","BREAKER","6887","SY6-2-LBSB-R-ACB-3150A BUSWAY","SY6-L1-64","SY6-L1-LOADBANK SWITCHROOM","SCHNEIDER","MTZ2-32-H1","A2223720012","","","","","","","","","","","","","","","","","","","","",""
"SY6 Breakers — Asset Capture","SY6","BREAKER","6888","SY6-2-LBSB-R-ACB-2-LB-R-1","SY6-L1-64","SY6-L1-LOADBANK SWITCHROOM","SCHNEIDER","MTZ2-32-H1","A2223720011","","","","","","","","","","","","","","","","","","","","",""
"SY6 Breakers — Asset Capture","SY6","BREAKER","6889","SY6-2-LBSB-R-ACB-2-LB-R-2","SY6-L1-64","SY6-L1-LOADBANK SWITCHROOM","SCHNEIDER","MTZ2-32-H1","A222370010","","","","","","","","","","","","","","","","","","","","",""
"SY6 Breakers — Asset Capture","SY6","BREAKER","6893","SY6-2-MSB-06-ACB-2-MDSB-06","SY6-L1-20","SY6-L1-BLK2-SWITCHROOM 6","SCHNEIDER","MTZ2-16-H1","A2223450020","","","","","","","","","","","","","","","","","","","","",""
"SY6 Breakers — Asset Capture","SY6","BREAKER","6894","SY6-2-MSB-06-ACB-2-UPS-06-2","SY6-L1-20","SY6-L1-BLK2-SWITCHROOM 6","SCHNEIDER","MTZ2-20-H1","A2223450016","","","","","","","","","","","","","","","","","","","","",""
"SY6 Breakers — Asset Capture","SY6","BREAKER","6895","SY6-2-MSB-06-ACB-UPS BYPASS TO 2-UDP-06-2","SY6-L1-20","SY6-L1-BLK2-SWITCHROOM 6","SCHNEIDER","MTZ2-20-H1","A2223450022","","","","","","","","","","","","","","","","","","","","",""
"SY6 Breakers — Asset Capture","SY6","BREAKER","6896","SY6-2-MSB-06-ACB-2-UPS-06-1","SY6-L1-20","SY6-L1-BLK2-SWITCHROOM 6","SCHNEIDER","MTZ2-20-H1","A2223450029","","","","","","","","","","","","","","","","","","","","",""
"SY6 Breakers — Asset Capture","SY6","BREAKER","6897","SY6-2-MSB-06-ACB-UPS BYPASS TO 2-UDP-06-1","SY6-L1-20","SY6-L1-BLK2-SWITCHROOM 6","SCHNEIDER","MTZ2-20-H1","A2223450023","","","","","","","","","","","","","","","","","","","","",""
"SY6 Breakers — Asset Capture","SY6","BREAKER","6898","SY6-2-MSB-06-ACB-2-MLTX-06 INCOMER","SY6-L1-20","SY6-L1-BLK2-SWITCHROOM 6","SCHNEIDER","MTZ3-50-H1","A2223450032","","","","","","","","","","","","","","","","","","","","",""
"SY6 Breakers — Asset Capture","SY6","BREAKER","6899","SY6-2-MSB-06-ACB-2-GEN-06 INCOMER","SY6-L1-20","SY6-L1-BLK2-SWITCHROOM 6","SCHNEIDER","MTZ3-50-H1","A2223450033","","","","","","","","","","","","","","","","","","","","",""
"SY6 Breakers — Asset Capture","SY6","BREAKER","6900","SY6-2-MSB-06-ACB-LOAD BANK BUSDUCT BWY-LV-001","SY6-L1-20","SY6-L1-BLK2-SWITCHROOM 6","SCHNEIDER","MTZ3-50-H1","A2223450031","","","","","","","","","","","","","","","","","","","","",""
"SY6 Breakers — Asset Capture","SY6","BREAKER","6902","SY6-2-MSB-R-ACB-LOAD BANK","SY6-GF-26","SY6-GF-BLK2-SWITCHROOM R","SCHNEIDER","MTZ3-50-H1","A2223350020","","","","","","","","","","","","","","","","","","","","",""
"SY6 Breakers — Asset Capture","SY6","BREAKER","6903","SY6-2-MSB-R-ACB-2-GEN-R INCOMER","SY6-GF-26","SY6-GF-BLK2-SWITCHROOM R","SCHNEIDER","MTZ3-50-H1","A2223350018","","","","","","","","","","","","","","","","","","","","",""
"SY6 Breakers — Asset Capture","SY6","BREAKER","6904","SY6-2-MSB-R-ACB-2-MLTX-R INCOMER","SY6-GF-26","SY6-GF-BLK2-SWITCHROOM R","SCHNEIDER","MTZ3-50-H1","A2223350017","","","","","","","","","","","","","","","","","","","","",""
"SY6 Breakers — Asset Capture","SY6","BREAKER","6905","SY6-2-MSB-R-ACB-2-UDP-R","SY6-GF-26","SY6-GF-BLK2-SWITCHROOM R","SCHNEIDER","MTZ3-40-H1","A2223350019","","","","","","","","","","","","","","","","","","","","",""
"SY6 Breakers — Asset Capture","SY6","BREAKER","6906","SY6-2-MSB-R-ACB-2-UPS-R-1","SY6-GF-26","SY6-GF-BLK2-SWITCHROOM R","SCHNEIDER","MTZ2-20-H1","A2223350016","","","","","","","","","","","","","","","","","","","","",""
"SY6 Breakers — Asset Capture","SY6","BREAKER","6907","SY6-2-MSB-R-ACB-2-UPS-R-2","SY6-GF-26","SY6-GF-BLK2-SWITCHROOM R","SCHNEIDER","MTZ2-20-H1","A2223450030","","","","","","","","","","","","","","","","","","","","",""
"SY6 Breakers — Asset Capture","SY6","BREAKER","6908","SY6-2-MSB-R-ACB-2-MDSB-R","SY6-GF-26","SY6-GF-BLK2-SWITCHROOM R","SCHNEIDER","MTZ2-16-H1","A2223350027","","","","","","","","","","","","","","","","","","","","",""
"SY6 Breakers — Asset Capture","SY6","BREAKER","6945","SY6-2-UDP-06-1-ACB-2-UPS-06-1 INCOMER","SY6-L1-20","SY6-L1-BLK2-SWITCHROOM 6","SCHNEIDER","MTZ2-20-HA","A2223620004","","","","","","","","","","","","","","","","","","","","",""
"SY6 Breakers — Asset Capture","SY6","BREAKER","6946","SY6-2-UDP-06-1-ACB-2-STS-06-B-1","SY6-L1-20","SY6-L1-BLK2-SWITCHROOM 6","SCHNEIDER","MTZ2-16-H1","A2223620007","","","","","","","","","","","","","","","","","","","","",""
"SY6 Breakers — Asset Capture","SY6","BREAKER","6947","SY6-2-UDP-06-1-ACB-2-STS-06-A-1","SY6-L1-20","SY6-L1-BLK2-SWITCHROOM 6","SCHNEIDER","MTZ2-16-H1","A2223620008","","","","","","","","","","","","","","","","","","","","",""
"SY6 Breakers — Asset Capture","SY6","BREAKER","6948","SY6-2-UDP-06-1-ACB-2-UDP-08-1","SY6-L1-20","SY6-L1-BLK2-SWITCHROOM 6","SCHNEIDER","MTZ2-12-H2","A2223620011","","","","","","","","","","","","","","","","","","","","",""
"SY6 Breakers — Asset Capture","SY6","BREAKER","6950","SY6-2-UDP-06-2-ACB-2-UPS-06-2 INCOMER","SY6-L1-20","SY6-L1-BLK2-SWITCHROOM 6","SCHNEIDER","MTZ2-20-HA","A2223530008","","","","","","","","","","","","","","","","","","","","",""
"SY6 Breakers — Asset Capture","SY6","BREAKER","6951","SY6-2-UDP-06-2-ACB-2-STS-06-B-2","SY6-L1-20","SY6-L1-BLK2-SWITCHROOM 6","SCHNEIDER","MTZ2-16-H1","A2223530021","","","","","","","","","","","","","","","","","","","","",""
"SY6 Breakers — Asset Capture","SY6","BREAKER","6952","SY6-2-UDP-06-2-ACB-2-STS-06-A-2","SY6-L1-20","SY6-L1-BLK2-SWITCHROOM 6","SCHNEIDER","MTZ2-16-H1","A2223530002","","","","","","","","","","","","","","","","","","","","",""
"SY6 Breakers — Asset Capture","SY6","BREAKER","6953","SY6-2-UDP-06-2-ACB-2-UDP-08-2","SY6-L1-20","SY6-L1-BLK2-SWITCHROOM 6","SCHNEIDER","MTZ2-12-H2","A2223550101","","","","","","","","","","","","","","","","","","","","",""
"SY6 Breakers — Asset Capture","SY6","BREAKER","6955","SY6-2-UDP-R-ACB-2-UPS-R-1 INCOMER","SY6-GF-26","SY6-GF-BLK2-SWITCHROOM R","SCHNEIDER","MTZ2-20-HA","A2223520029","","","","","","","","","","","","","","","","","","","","",""
"SY6 Breakers — Asset Capture","SY6","BREAKER","6956","SY6-2-UDP-R-ACB-BUSTIE A","SY6-GF-26","SY6-GF-BLK2-SWITCHROOM R","SCHNEIDER","MTZ2-20-HA","A2223520031","","","","","","","","","","","","","","","","","","","","",""
"SY6 Breakers — Asset Capture","SY6","BREAKER","6957","SY6-2-UDP-R-ACB-BUSTIE B","SY6-GF-26","SY6-GF-BLK2-SWITCHROOM R","SCHNEIDER","MTZ2-20-HA","A2223520030","","","","","","","","","","","","","","","","","","","","",""
"SY6 Breakers — Asset Capture","SY6","BREAKER","6958","SY6-2-UDP-R-ACB-2-UPS-R-2 INCOMER","SY6-GF-26","SY6-GF-BLK2-SWITCHROOM R","SCHNEIDER","MTZ2-20-HA","A2223520032","","","","","","","","","","","","","","","","","","","","",""
"SY6 Breakers — Asset Capture","SY6","BREAKER","6959","SY6-2-UDP-R-ACB-UPS BUSDUCT B BWY-LV-002","SY6-GF-26","SY6-GF-BLK2-SWITCHROOM R","SCHNEIDER","MTZ3-40-H1","A2223520042","","","","","","","","","","","","","","","","","","","","",""
"SY6 Breakers — Asset Capture","SY6","BREAKER","6960","SY6-2-UDP-R-ACB-UPS BUSDUCT A BWY-LV-002","SY6-GF-26","SY6-GF-BLK2-SWITCHROOM R","SCHNEIDER","MTZ3-40-H1","A2223520041","","","","","","","","","","","","","","","","","","","","",""
"SY6 Breakers — Asset Capture","SY6","BREAKER","6961","SY6-2-UDP-R-ACB-2-STS-05-A-2","SY6-GF-26","SY6-GF-BLK2-SWITCHROOM R","SCHNEIDER","MTZ2-20-H1","A2223520007","","","","","","","","","","","","","","","","","","","","",""
"SY6 Breakers — Asset Capture","SY6","BREAKER","6962","SY6-2-UDP-R-ACB-2-STS-05-B-2","SY6-GF-26","SY6-GF-BLK2-SWITCHROOM R","SCHNEIDER","MTZ2-20-H1","A2224510004","","","","","","","","","","","","","","","","","","","","",""
"SY6 Breakers — Asset Capture","SY6","BREAKER","6997","SY6-2-MDSB-R-ACB-2-MSB-R INCOMER","SY6-GF-26","SY6-GF-BLK2-SWITCHROOM R","SCHNEIDER","MTZ2-20-HA","A2223510011","","","","","","","","","","","","","","","","","","","","",""
"SY6 Breakers — Asset Capture","SY6","BREAKER","6998","SY6-2-MDSB-R-ACB-BUSWAY A BWY-LV-003","SY6-GF-26","SY6-GF-BLK2-SWITCHROOM R","SCHNEIDER","MTZ2-20-H1","A2223520008","","","","","","","","","","","","","","","","","","","","",""
"SY6 Breakers — Asset Capture","SY6","BREAKER","6999","SY6-2-MDSB-R-ACB-BUSWAY B BWY-LV-003","SY6-GF-26","SY6-GF-BLK2-SWITCHROOM R","SCHNEIDER","MTZ2-20-H1","A2223520027","","","","","","","","","","","","","","","","","","","","",""
